country,continent,population,day,time,Cases,Recovered,Deaths,Tests,Recovery_rate,Death_rate,Deaths per Million,Cases per 100K,Deaths_per_Million,Cases_per_100K,Tests_per_Person,Infection Rate,Tests per 100K
Saint-Helena,Africa,6115.0,2024-06-30,2024-06-30T16:15:16+00:00,2166,2.0,0.0,0.0,0.09233610341643582,0.0,0.0,35421.09566639412,0.0,35421.09566639412,0.0,35.421095666394116,0.0
Falkland-Islands,South-America,3539.0,2024-06-30,2024-06-30T16:15:16+00:00,1930,1930.0,0.0,8632.0,100.0,0.0,0.0,54535.17942921729,0.0,54535.17942921729,2.4391070923989826,54.535179429217294,243910.70923989825
Montserrat,North-America,4965.0,2024-06-30,2024-06-30T16:15:16+00:00,1403,1376.0,8.0,17762.0,98.07555238774056,0.5702066999287242,1611.2789526686809,28257.804632426993,1611.2789526686809,28257.804632426993,3.5774420946626386,28.257804632426993,357744.2094662639
Diamond-Princess,0,0.0,2024-06-30,2024-06-30T16:15:16+00:00,712,699.0,13.0,0.0,98.17415730337079,1.8258426966292134,inf,inf,inf,inf,,inf,
Vatican-City,Europe,799.0,2024-06-30,2024-06-30T16:15:16+00:00,29,29.0,0.0,0.0,100.0,0.0,0.0,3629.536921151439,0.0,3629.536921151439,0.0,3.629536921151439,0.0
Western-Sahara,Africa,626161.0,2024-06-30,2024-06-30T16:15:16+00:00,10,9.0,1.0,0.0,90.0,10.0,1.5970333508474657,1.5970333508474657,1.5970333508474657,1.5970333508474657,0.0,0.0015970333508474655,0.0
MS-Zaandam,0,0.0,2024-06-30,2024-06-30T16:15:16+00:00,9,7.0,2.0,0.0,77.77777777777779,22.22222222222222,inf,inf,inf,inf,,inf,
China,Asia,1448471400.0,2024-06-30,2024-06-30T16:15:16+00:00,503302,379053.0,5272.0,160000000.0,75.31323141970428,1.0474824260583109,3.6396990648210243,34.74711340520773,3.6396990648210243,34.74711340520773,0.11046127662582775,0.034747113405207725,11046.127662582774
Tokelau,Oceania,1378.0,2024-06-30,2024-06-30T16:15:16+00:00,80,0.0,0.0,0.0,0.0,0.0,0.0,5805.515239477504,0.0,5805.515239477504,0.0,5.805515239477503,0.0
Saint-Pierre-Miquelon,North-America,5759.0,2024-06-30,2024-06-30T16:15:16+00:00,3452,2449.0,2.0,25400.0,70.94438006952491,0.057937427578215524,347.28251432540367,59940.96197256468,347.28251432540367,59940.96197256468,4.410487931932627,59.94096197256468,441048.7931932627
Tuvalu,Oceania,12066.0,2024-06-30,2024-06-30T16:15:16+00:00,2943,0.0,1.0,0.0,0.0,0.03397893306150187,82.8775070445881,24390.850323222276,82.8775070445881,24390.850323222276,0.0,24.390850323222278,0.0
Niue,Oceania,1622.0,2024-06-30,2024-06-30T16:15:16+00:00,1059,1056.0,0.0,0.0,99.71671388101983,0.0,0.0,65289.76572133169,0.0,65289.76572133169,0.0,65.28976572133169,0.0
Nicaragua,North-America,6779100.0,2024-06-30,2024-06-30T16:15:15+00:00,18491,4225.0,225.0,0.0,22.848953544967824,1.2168081769509491,33.19024649289729,272.7648212889617,33.19024649289729,272.7648212889617,0.0,0.2727648212889617,0.0
Tajikistan,Asia,9957464.0,2024-06-30,2024-06-30T16:15:15+00:00,17786,17264.0,125.0,0.0,97.06510738783312,0.7027999550208028,12.553397130032307,178.61977708380365,12.553397130032307,178.61977708380365,0.0,0.17861977708380367,0.0
Djibouti,Africa,1016097.0,2024-06-30,2024-06-30T16:15:15+00:00,15690,15427.0,189.0,305941.0,98.32377310388782,1.2045889101338432,186.00586361341485,1544.1439153939043,186.00586361341485,1544.1439153939043,0.30109428528969184,1.5441439153939043,30109.428528969183
Greenland,North-America,56973.0,2024-06-30,2024-06-30T16:15:15+00:00,11971,2761.0,21.0,164926.0,23.06407150613984,0.1754239411912121,368.59565057132323,21011.7072999491,368.59565057132323,21011.7072999491,2.894809822196479,21.011707299949098,289480.9822196479
Eritrea,Africa,3662244.0,2024-06-30,2024-06-30T16:15:15+00:00,10189,10086.0,103.0,23693.0,98.98910589851802,1.0108941014819903,28.124832752814942,278.2173989499334,28.124832752814942,278.2173989499334,0.006469530703033441,0.2782173989499334,646.953070303344
Niger,Africa,26083660.0,2024-06-30,2024-06-30T16:15:15+00:00,9931,8890.0,312.0,254538.0,89.51767193636088,3.141677575269359,11.961511536341142,38.07364457288586,11.961511536341142,38.07364457288586,0.009758523152042313,0.03807364457288586,975.8523152042312
Equatorial-Guinea,Africa,1496662.0,2024-06-30,2024-06-30T16:15:15+00:00,17229,16907.0,183.0,365697.0,98.1310580997156,1.062162632770329,122.27209617134665,1151.161718544334,122.27209617134665,1151.161718544334,0.24434174182280302,1.151161718544334,24434.1741822803
Liberia,Africa,5305117.0,2024-06-30,2024-06-30T16:15:15+00:00,8090,7783.0,295.0,139824.0,96.20519159456119,3.646477132262052,55.606690672420605,152.49428052199414,55.606690672420605,152.49428052199414,0.02635644039518827,0.15249428052199412,2635.644039518827
Nauru,Oceania,10903.0,2024-06-30,2024-06-30T16:15:15+00:00,5393,5347.0,1.0,20509.0,99.14704246245132,0.018542555164101613,91.71787581399614,49463.45042648812,91.71787581399614,49463.45042648812,1.881041915069247,49.46345042648812,188104.1915069247
Caribbean-Netherlands,North-America,26647.0,2024-06-30,2024-06-30T16:15:15+00:00,11682,10476.0,38.0,30126.0,89.6764252696456,0.32528676596473205,1426.0517131384395,43839.83187600855,1426.0517131384395,43839.83187600855,1.1305587871054903,43.83983187600855,113055.87871054903
Bermuda,North-America,61939.0,2024-06-30,2024-06-30T16:15:15+00:00,18860,18685.0,165.0,1029558.0,99.07211028632025,0.8748674443266171,2663.911267537416,30449.31303379131,2663.911267537416,30449.31303379131,16.62212822292901,30.44931303379131,1662212.822292901
Gambia,Africa,2558482.0,2024-06-30,2024-06-30T16:15:15+00:00,12626,12189.0,372.0,155686.0,96.53888800887059,2.946301283066688,145.39871689540905,493.4957525595255,145.39871689540905,493.4957525595255,0.06085092644779209,0.4934957525595255,6085.092644779209
Grenada,North-America,113475.0,2024-06-30,2024-06-30T16:15:15+00:00,19693,19358.0,238.0,182981.0,98.29888792972122,1.2085512618696999,2097.378277153558,17354.48336638026,2097.378277153558,17354.48336638026,1.6125225820665345,17.35448336638026,161252.25820665347
Comoros,Africa,907419.0,2024-06-30,2024-06-30T16:15:15+00:00,9109,8939.0,161.0,0.0,98.13371390932045,1.7674827094082777,177.42630471700505,1003.8361550727943,177.42630471700505,1003.8361550727943,0.0,1.0038361550727943,0.0
Guinea-Bissau,Africa,2063367.0,2024-06-30,2024-06-30T16:15:15+00:00,9614,8929.0,177.0,145231.0,92.87497399625546,1.841065113376326,85.78212213338684,465.9374701640571,85.78212213338684,465.9374701640571,0.07038544282233844,0.4659374701640571,7038.544282233844
Chad,Africa,17413580.0,2024-06-30,2024-06-30T16:15:15+00:00,7701,4874.0,194.0,191341.0,63.290481755616156,2.519153356706921,11.140730395472957,44.224105554400644,11.140730395472957,44.224105554400644,0.010988033477320573,0.04422410555440065,1098.8033477320573
Vanuatu,Oceania,321832.0,2024-06-30,2024-06-30T16:15:15+00:00,12019,11976.0,14.0,24976.0,99.64223313087611,0.11648223645894001,43.50095702105447,3734.5571602575255,43.50095702105447,3734.5571602575255,0.07760570732556116,3.7345571602575256,7760.570732556116
Sint-Maarten,North-America,43966.0,2024-06-30,2024-06-30T16:15:15+00:00,11051,10905.0,92.0,62056.0,98.67885259252557,0.8325038458058095,2092.5260428512943,25135.33184733658,2092.5260428512943,25135.33184733658,1.4114543055997817,25.135331847336577,141145.43055997818
Wallis-and-Futuna,Oceania,10982.0,2024-06-30,2024-06-30T16:15:15+00:00,3550,438.0,8.0,20508.0,12.338028169014084,0.22535211267605634,728.4647605172099,32325.623747951195,728.4647605172099,32325.623747951195,1.8674194135858677,32.32562374795119,186741.94135858677
St-Barth,North-America,9945.0,2024-06-30,2024-06-30T16:15:15+00:00,5507,0.0,6.0,78646.0,0.0,0.10895224260032686,603.3182503770739,55374.56008044244,603.3182503770739,55374.56008044244,7.908094519859226,55.374560080442436,790809.4519859226
Saint-Kitts-and-Nevis,North-America,53871.0,2024-06-30,2024-06-30T16:15:15+00:00,6607,6559.0,48.0,126958.0,99.27349780535796,0.7265021946420462,891.0174305284847,12264.483673961871,891.0174305284847,12264.483673961871,2.35670397802157,12.264483673961871,235670.397802157
Timor-Leste,Asia,1369429.0,2024-06-30,2024-06-30T16:15:15+00:00,23460,23102.0,138.0,278529.0,98.47399829497017,0.5882352941176471,100.77192756981195,1713.122768686803,100.77192756981195,1713.122768686803,0.20339061024704458,1.713122768686803,20339.061024704457
Kiribati,Oceania,123419.0,2024-06-30,2024-06-30T16:15:15+00:00,5085,2703.0,24.0,0.0,53.15634218289086,0.471976401179941,194.45952406031486,4120.111166027921,194.45952406031486,4120.111166027921,0.0,4.120111166027921,0.0
Burkina-Faso,Africa,22102838.0,2024-06-30,2024-06-30T16:15:15+00:00,22114,21596.0,400.0,248995.0,97.65759247535499,1.8088088993397848,18.097223533014176,100.05050030226887,18.097223533014176,100.05050030226887,0.011265295434007162,0.10005050030226888,1126.5295434007162
Liechtenstein,Europe,38387.0,2024-06-30,2024-06-30T16:15:15+00:00,21574,0.0,94.0,112457.0,0.0,0.4357096505052378,2448.7456691067287,56201.318154583576,2448.7456691067287,56201.318154583576,2.929559486284419,56.20131815458358,292955.9486284419
Gibraltar,Europe,33704.0,2024-06-30,2024-06-30T16:15:15+00:00,20550,0.0,113.0,534283.0,0.0,0.5498783454987834,3352.7177783052457,60971.99145502018,3352.7177783052457,60971.99145502018,15.852213387135059,60.97199145502018,1585221.338713506
South-Sudan,Africa,11618511.0,2024-06-30,2024-06-30T16:15:15+00:00,18819,18115.0,147.0,410280.0,96.25909984590042,0.7811254583134066,12.652223679953481,161.97428396805753,12.652223679953481,161.97428396805753,0.0353126144993967,0.16197428396805752,3531.2614499396695
Monaco,Europe,39783.0,2024-06-30,2024-06-30T16:15:15+00:00,17181,0.0,67.0,78646.0,0.0,0.3899656597404109,1684.13644018802,43186.7883266722,1684.13644018802,43186.7883266722,1.9768745444033884,43.1867883266722,197687.45444033883
Samoa,Oceania,202239.0,2024-06-30,2024-06-30T16:15:15+00:00,17006,1605.0,31.0,187397.0,9.43784546630601,0.18228860402210986,153.28398577920183,8408.86278116486,153.28398577920183,8408.86278116486,0.9266115833246802,8.40886278116486,92661.15833246803
Tonga,Oceania,107749.0,2024-06-30,2024-06-30T16:15:15+00:00,16950,15638.0,13.0,535009.0,92.25958702064896,0.07669616519174041,120.65077170089745,15731.004464078553,120.65077170089745,15731.004464078553,4.965326824378881,15.731004464078552,496532.68243788806
Marshall-Islands,Oceania,60057.0,2024-06-30,2024-06-30T16:15:15+00:00,16138,16121.0,17.0,0.0,99.89465856983517,0.10534143016482836,283.06442213230764,26871.139084536357,283.06442213230764,26871.139084536357,0.0,26.871139084536356,0.0
Dominica,North-America,72344.0,2024-06-30,2024-06-30T16:15:15+00:00,16038,15964.0,74.0,229344.0,99.53859583489213,0.46140416510786886,1022.8906336392791,22169.08105717129,1022.8906336392791,22169.08105717129,3.170186884883335,22.16908105717129,317018.68848833354
CAR,Africa,5016678.0,2024-06-30,2024-06-30T16:15:15+00:00,15440,15200.0,113.0,81294.0,98.44559585492227,0.7318652849740932,22.524866056781,307.77339107672447,22.524866056781,307.77339107672447,0.016204747444424378,0.30777339107672447,1620.4747444424377
Saint-Martin,North-America,39730.0,2024-06-30,2024-06-30T16:15:15+00:00,12324,0.0,63.0,112382.0,0.0,0.5111976630963972,1585.7034986156557,31019.380820538634,1585.7034986156557,31019.380820538634,2.8286433425622954,31.019380820538633,282864.3342562295
Yemen,Asia,31154867.0,2024-06-30,2024-06-30T16:15:15+00:00,11945,9124.0,2159.0,329592.0,76.38342402678944,18.07450816241105,69.29896378630022,38.34071896374971,69.29896378630022,38.34071896374971,0.010579149639765755,0.03834071896374971,1057.9149639765756
St-Vincent-Grenadines,North-America,111551.0,2024-06-30,2024-06-30T16:15:15+00:00,9674,9493.0,124.0,114197.0,98.1290055819723,1.281786231135001,1111.599178850929,8672.26649693862,1111.599178850929,8672.26649693862,1.0237200921551577,8.67226649693862,102372.00921551578
Antigua-and-Barbuda,North-America,99509.0,2024-06-30,2024-06-30T16:15:15+00:00,9106,8954.0,146.0,18901.0,98.33077092027234,1.6033384581594552,1467.2039715000653,9150.931071561366,1467.2039715000653,9150.931071561366,0.18994261825563516,9.150931071561367,18994.261825563517
Sierra-Leone,Africa,8306436.0,2024-06-30,2024-06-30T16:15:15+00:00,7779,0.0,126.0,259958.0,0.0,1.619745468569225,15.168960550589928,93.65027311352306,15.168960550589928,93.65027311352306,0.03129597338738299,0.09365027311352306,3129.597338738299
British-Virgin-Islands,North-America,30596.0,2024-06-30,2024-06-30T16:15:15+00:00,7392,0.0,64.0,107339.0,0.0,0.8658008658008658,2091.776702836972,24160.02091776703,2091.776702836972,24160.02091776703,3.5082690547784026,24.160020917767028,350826.9054778403
Cook-Islands,Oceania,17571.0,2024-06-30,2024-06-30T16:15:15+00:00,7203,7150.0,2.0,19690.0,99.264195474108,0.027766208524226017,113.82391440441637,40993.68277275056,113.82391440441637,40993.68277275056,1.1205964373114792,40.99368277275055,112059.64373114792
Sao-Tome-and-Principe,Africa,227679.0,2024-06-30,2024-06-30T16:15:15+00:00,6778,6685.0,80.0,29600.0,98.62791383889052,1.1802891708468575,351.37188761370174,2976.998317807088,351.37188761370174,2976.998317807088,0.13000759841706966,2.9769983178070882,13000.759841706966
Turks-and-Caicos,North-America,39741.0,2024-06-30,2024-06-30T16:15:15+00:00,6752,6709.0,40.0,616788.0,99.36315165876776,0.5924170616113744,1006.5171988626355,16990.010316801287,1006.5171988626355,16990.010316801287,15.520193251302182,16.99001031680129,1552019.3251302182
Palau,Oceania,18233.0,2024-06-30,2024-06-30T16:15:15+00:00,6290,6276.0,10.0,71434.0,99.77742448330683,0.1589825119236884,548.456096089508,34497.88844403005,548.456096089508,34497.88844403005,3.9178412768057918,34.49788844403005,391784.1276805792
Anguilla,North-America,15230.0,2024-06-30,2024-06-30T16:15:15+00:00,3904,0.0,12.0,51382.0,0.0,0.3073770491803279,787.9185817465528,25633.61785948785,787.9185817465528,25633.61785948785,3.373736047275115,25.63361785948785,337373.6047275115
Cura&ccedil;ao,North-America,165529.0,2024-06-30,2024-06-30T16:15:14+00:00,45986,44720.0,295.0,496693.0,97.2469882138042,0.6414995868307746,1782.1650586906223,27781.23470811761,1782.1650586906223,27781.23470811761,3.000640371173631,27.78123470811761,300064.0371173631
Isle-of-Man,Europe,85732.0,2024-06-30,2024-06-30T16:15:14+00:00,38008,0.0,116.0,150753.0,0.0,0.3051989054935803,1353.0537022348715,44333.50440908879,1353.0537022348715,44333.50440908879,1.7584215928708067,44.33350440908879,175842.15928708066
Cayman-Islands,North-America,67277.0,2024-06-30,2024-06-30T16:15:14+00:00,31472,8553.0,37.0,222773.0,27.17653787493645,0.1175648195221149,549.9650697861082,46779.73155759026,549.9650697861082,46779.73155759026,3.311280229498937,46.77973155759026,331128.0229498937
Congo,Africa,5797805.0,2024-06-30,2024-06-30T16:15:14+00:00,25375,24006.0,386.0,347815.0,94.60492610837439,1.5211822660098522,66.5769200585394,437.66563380451737,66.5769200585394,437.66563380451737,0.05999080686570176,0.4376656338045174,5999.080686570176
Somalia,Africa,16841795.0,2024-06-30,2024-06-30T16:15:14+00:00,27334,13182.0,1361.0,400466.0,48.225653032852854,4.979146850076828,80.81086368762949,162.29861484479534,80.81086368762949,162.29861484479534,0.023778106787310974,0.16229861484479535,2377.810678731097
Mayotte,Africa,286259.0,2024-06-30,2024-06-30T16:15:14+00:00,42027,0.0,188.0,176919.0,0.0,0.44733147738358675,656.7479101093764,14681.459796897214,656.7479101093764,14681.459796897214,0.6180382101523445,14.681459796897215,61803.82101523445
Bahamas,North-America,400516.0,2024-06-30,2024-06-30T16:15:14+00:00,38084,36366.0,844.0,257839.0,95.4889192311732,2.2161537653607817,2107.281606727322,9508.733733483805,2107.281606727322,9508.733733483805,0.6437670405177321,9.508733733483805,64376.70405177322
Aruba,North-America,107609.0,2024-06-30,2024-06-30T16:15:14+00:00,44224,42438.0,292.0,177885.0,95.96146888567294,0.66027496382055,2713.527678911615,41096.93427129701,2713.527678911615,41096.93427129701,1.653068051928742,41.09693427129701,165306.8051928742
Madagascar,Africa,29178077.0,2024-06-30,2024-06-30T16:15:14+00:00,68486,66862.0,1426.0,531329.0,97.62871243757849,2.082177379318401,48.87230916554234,234.71731875956044,48.87230916554234,234.71731875956044,0.018209870376310267,0.23471731875956045,1820.9870376310266
Cabo-Verde,Africa,567678.0,2024-06-30,2024-06-30T16:15:14+00:00,64477,63755.0,417.0,401622.0,98.88022085394792,0.6467422491741242,734.571359115555,11358.023386497274,734.571359115555,11358.023386497274,0.7074820584909051,11.358023386497274,70748.2058490905
Sudan,Africa,45992020.0,2024-06-30,2024-06-30T16:15:14+00:00,63993,58947.0,5046.0,562941.0,92.11476255215413,7.885237447845858,109.71468528670843,139.139355044636,109.71468528670843,139.139355044636,0.012239971195002959,0.139139355044636,1223.9971195002959
Mauritania,Africa,4901981.0,2024-06-30,2024-06-30T16:15:14+00:00,63848,62471.0,997.0,1009957.0,97.84331537401329,1.561521112642526,203.38716123134708,1302.4938285154512,203.38716123134708,1302.4938285154512,0.20603037833071977,1.3024938285154513,20603.037833071976
Bhutan,Asia,787941.0,2024-06-30,2024-06-30T16:15:14+00:00,62697,61564.0,21.0,2303734.0,98.19289599183374,0.03349442557060146,26.651741691319526,7957.067851526954,26.651741691319526,7957.067851526954,2.923739213976681,7.957067851526954,292373.92139766813
Syria,Asia,19364809.0,2024-06-30,2024-06-30T16:15:14+00:00,57743,54578.0,3165.0,146269.0,94.51881613355731,5.481183866442685,163.44080646496437,298.18522867950827,163.44080646496437,298.18522867950827,0.007553340701682108,0.29818522867950825,755.3340701682108
Burundi,Africa,12624840.0,2024-06-30,2024-06-30T16:15:14+00:00,54721,53569.0,38.0,345742.0,97.8947753147786,0.06944317538056688,3.0099391358623158,433.43915645663634,3.0099391358623158,433.43915645663634,0.027385852018718654,0.43343915645663633,2738.5852018718656
Seychelles,Africa,99426.0,2024-06-30,2024-06-30T16:15:14+00:00,51220,51048.0,172.0,0.0,99.66419367434595,0.3358063256540414,1729.9297970349808,51515.70011868123,1729.9297970349808,51515.70011868123,0.0,51.51570011868123,0.0
Gabon,Africa,2331533.0,2024-06-30,2024-06-30T16:15:14+00:00,49051,48674.0,307.0,1621909.0,99.2314122036248,0.6258791869686653,131.67302371444026,2103.8089531651494,131.67302371444026,2103.8089531651494,0.6956405935493943,2.1038089531651494,69564.05935493944
Andorra,Europe,77463.0,2024-06-30,2024-06-30T16:15:14+00:00,48015,0.0,165.0,249838.0,0.0,0.3436426116838488,2130.0491847720846,61984.43127686767,2130.0491847720846,61984.43127686767,3.225255928636898,61.98443127686767,322525.59286368976
Papua-New-Guinea,Oceania,9292169.0,2024-06-30,2024-06-30T16:15:14+00:00,46864,46168.0,670.0,249149.0,98.51485148514851,1.4296688289518606,72.10372519053409,504.33865333271496,72.10372519053409,504.33865333271496,0.026812792578352805,0.5043386533327149,2681.2792578352805
Tanzania,Africa,63298550.0,2024-06-30,2024-06-30T16:15:14+00:00,43223,0.0,846.0,0.0,0.0,1.957291256969669,13.365235064626281,68.28434458609242,13.365235064626281,68.28434458609242,0.0,0.06828434458609242,0.0
Mauritius,Africa,1274727.0,2024-06-30,2024-06-30T16:15:14+00:00,43025,41278.0,1051.0,358675.0,95.93957001743173,2.442765833817548,824.4902634054193,3375.2325007629083,824.4902634054193,3375.2325007629083,0.2813739726231577,3.3752325007629085,28137.39726231577
Togo,Africa,8680837.0,2024-06-30,2024-06-30T16:15:14+00:00,39572,39281.0,290.0,815204.0,99.26463155766704,0.7328414030122309,33.40691686757855,455.8546600978685,33.40691686757855,455.8546600978685,0.09390845606247417,0.45585466009786846,9390.845606247416
Guinea,Africa,13865691.0,2024-06-30,2024-06-30T16:15:14+00:00,38572,37757.0,468.0,660107.0,97.8870683397283,1.2133153582909884,33.75237483656603,278.18303465727024,33.75237483656603,278.18303465727024,0.04760721986376301,0.27818303465727023,4760.721986376301
Lesotho,Africa,2175699.0,2024-06-30,2024-06-30T16:15:14+00:00,36138,25980.0,723.0,431221.0,71.89108417732028,2.0006641208699985,332.3069965100871,1660.983435668261,332.3069965100871,1660.983435668261,0.19819883173177907,1.6609834356682611,19819.883173177906
Haiti,North-America,11680283.0,2024-06-30,2024-06-30T16:15:14+00:00,34667,33734.0,860.0,132422.0,97.30867972423341,2.4807453774482937,73.6283530116522,296.7993155645287,73.6283530116522,296.7993155645287,0.011337225305243032,0.2967993155645287,1133.7225305243032
Faeroe-Islands,Europe,49233.0,2024-06-30,2024-06-30T16:15:14+00:00,34658,0.0,28.0,778000.0,0.0,0.08078942812626233,568.7242296833425,70395.87268701887,568.7242296833425,70395.87268701887,15.802408953344301,70.39587268701887,1580240.89533443
Mali,Africa,21473764.0,2024-06-30,2024-06-30T16:15:14+00:00,33164,32332.0,743.0,804909.0,97.49125557833796,2.2403811361717527,34.60036163198962,154.43962222924682,34.60036163198962,154.43962222924682,0.03748336807650489,0.15443962222924681,3748.336807650489
Saint-Lucia,North-America,185113.0,2024-06-30,2024-06-30T16:15:14+00:00,30215,29805.0,410.0,210983.0,98.64305808373325,1.3569419162667549,2214.8633537352857,16322.462495880893,2214.8633537352857,16322.462495880893,1.1397524755149557,16.32246249588089,113975.24755149557
Benin,Africa,12784726.0,2024-06-30,2024-06-30T16:15:14+00:00,28036,27847.0,163.0,604310.0,99.3258667427593,0.5813953488372093,12.749588845314323,219.29292813940637,12.749588845314323,219.29292813940637,0.04726812291479692,0.21929292813940635,4726.812291479692
Macao,Asia,667490.0,2024-06-30,2024-06-30T16:15:14+00:00,27673,3487.0,123.0,7850.0,12.600729953384166,0.44447656560546384,184.2724235569072,4145.829900073409,184.2724235569072,4145.829900073409,0.011760475812371721,4.145829900073409,1176.0475812371722
Micronesia,Oceania,117489.0,2024-06-30,2024-06-30T16:15:14+00:00,26547,0.0,65.0,82430.0,0.0,0.24484875880513807,553.243282349837,22595.30679467865,553.243282349837,22595.30679467865,0.701597596370724,22.595306794678653,70159.7596370724
San-Marino,Europe,34085.0,2024-06-30,2024-06-30T16:15:14+00:00,26185,26011.0,128.0,196855.0,99.33549742218828,0.488829482528165,3755.3175883819863,76822.64925920493,3755.3175883819863,76822.64925920493,5.775414405163562,76.82264925920494,577541.4405163561
Solomon-Islands,Oceania,721159.0,2024-06-30,2024-06-30T16:15:14+00:00,25954,0.0,199.0,0.0,0.0,0.7667411574323804,275.94469458191605,3598.9289463211303,275.94469458191605,3598.9289463211303,0.0,3.5989289463211303,0.0
French-Guiana,South-America,314169.0,2024-06-30,2024-06-30T16:15:13+00:00,98041,11254.0,420.0,651257.0,11.478871084546261,0.42839220326190064,1336.860097590787,31206.452578071036,1336.860097590787,31206.452578071036,2.0729511823254363,31.206452578071037,207295.11823254364
Channel-Islands,Europe,176463.0,2024-06-30,2024-06-30T16:15:13+00:00,101717,101321.0,228.0,1252808.0,99.61068454633936,0.22415132180461478,1292.0555583890107,57642.111944146935,1292.0555583890107,57642.111944146935,7.099550614009736,57.64211194414693,709955.0614009736
Kyrgyzstan,Asia,6728271.0,2024-06-30,2024-06-30T16:15:13+00:00,206897,196406.0,2991.0,1907195.0,94.92936098638452,1.44564686776512,444.5421416586817,3075.039634996866,444.5421416586817,3075.039634996866,0.2834598963091707,3.075039634996866,28345.98963091707
Fiji,Oceania,909466.0,2024-06-30,2024-06-30T16:15:13+00:00,69117,67226.0,885.0,672883.0,97.26405949332292,1.2804375189895394,973.0984995590819,7599.734349607353,973.0984995590819,7599.734349607353,0.7398660312754958,7.599734349607353,73986.60312754958
Suriname,South-America,596831.0,2024-06-30,2024-06-30T16:15:13+00:00,82588,0.0,1408.0,242207.0,0.0,1.7048481619605753,2359.1267879852085,13837.753065775738,2359.1267879852085,13837.753065775738,0.40582174853518,13.837753065775738,40582.174853518
Guadeloupe,North-America,399794.0,2024-06-30,2024-06-30T16:15:13+00:00,203235,0.0,1021.0,938039.0,0.0,0.5023740989494919,2553.8152148356403,50834.929988944314,2553.8152148356403,50834.929988944314,2.346305847511468,50.83492998894431,234630.58475114682
El-Salvador,North-America,6550389.0,2024-06-30,2024-06-30T16:15:13+00:00,201855,179410.0,4230.0,2610114.0,88.88063213692998,2.0955636471724755,645.7631752862311,3081.572712704543,645.7631752862311,3081.572712704543,0.39846702234019993,3.081572712704543,39846.70223401999
Trinidad-and-Tobago,North-America,1406585.0,2024-06-30,2024-06-30T16:15:13+00:00,191496,187078.0,4390.0,913289.0,97.69290220161257,2.2924760830513433,3121.0342780564274,13614.250116416712,3121.0342780564274,13614.250116416712,0.6492952789913159,13.614250116416713,64929.527899131586
Maldives,Asia,540985.0,2024-06-30,2024-06-30T16:15:13+00:00,186694,163687.0,316.0,2213831.0,87.67662592263275,0.16926092964958703,584.1197075704501,34510.01414087267,584.1197075704501,34510.01414087267,4.0922225200329025,34.51001414087267,409222.2520032903
Namibia,Africa,2633874.0,2024-06-30,2024-06-30T16:15:13+00:00,172389,167099.0,4106.0,1062663.0,96.93135872938528,2.381822506076374,1558.920434310829,6545.073910141487,1558.920434310829,6545.073910141487,0.4034600743999143,6.545073910141487,40346.00743999143
Uganda,Africa,48432863.0,2024-06-30,2024-06-30T16:15:13+00:00,172149,100431.0,3632.0,3012408.0,58.33957792377533,2.1098002311950697,74.99040475885145,355.438413789414,74.99040475885145,355.438413789414,0.062197603309141564,0.35543841378941404,6219.760330914156
Ghana,Africa,32395450.0,2024-06-30,2024-06-30T16:15:13+00:00,171889,170425.0,1462.0,2541625.0,99.14828755766803,0.8505489007440848,45.12979446187659,530.5961176646721,45.12979446187659,530.5961176646721,0.0784562338229597,0.5305961176646721,7845.62338229597
Jamaica,North-America,2985094.0,2024-06-30,2024-06-30T16:15:13+00:00,156869,0.0,3756.0,1183986.0,0.0,2.394354525113311,1258.2518339455976,5255.077394547709,1258.2518339455976,5255.077394547709,0.3966327358535443,5.255077394547709,39663.27358535443
Cambodia,Asia,17168639.0,2024-06-30,2024-06-30T16:15:13+00:00,139103,136044.0,3056.0,3091420.0,97.80091011696369,2.196933207766907,177.99896660416707,810.2156495922594,177.99896660416707,810.2156495922594,0.1800620305430151,0.8102156495922594,18006.20305430151
Rwanda,Africa,13600464.0,2024-06-30,2024-06-30T16:15:13+00:00,133518,132039.0,1468.0,6021981.0,98.89228418640184,1.0994772240446982,107.93749389726703,981.7165061427315,107.93749389726703,981.7165061427315,0.4427776140578733,0.9817165061427315,44277.76140578733
Cameroon,Africa,27911548.0,2024-06-30,2024-06-30T16:15:13+00:00,125379,123280.0,1974.0,1751774.0,98.32587594413738,1.5744263393391238,70.72341526883424,449.2011693511231,70.72341526883424,449.2011693511231,0.06276162110392444,0.4492011693511231,6276.162110392444
Malta,Europe,444033.0,2024-06-30,2024-06-30T16:15:13+00:00,121420,120149.0,885.0,2170600.0,98.95322022731017,0.7288749794103113,1993.0951077960424,27344.814461988186,1993.0951077960424,27344.814461988186,4.888375413539084,27.344814461988186,488837.54135390837
Barbados,North-America,288023.0,2024-06-30,2024-06-30T16:15:13+00:00,110578,108647.0,648.0,814159.0,98.25372135506159,0.5860116840601204,2249.8203268488974,38392.072855292805,2249.8203268488974,38392.072855292805,2.826715227603351,38.39207285529281,282671.52276033506
Angola,Africa,35027343.0,2024-06-30,2024-06-30T16:15:13+00:00,107327,103419.0,1937.0,1499795.0,96.358791357254,1.804764877430656,55.299655472012255,306.409195810256,55.299655472012255,306.409195810256,0.042817835198062267,0.306409195810256,4281.783519806227
DRC,Africa,95240792.0,2024-06-30,2024-06-30T16:15:13+00:00,99338,84489.0,1468.0,846704.0,85.05204453482051,1.4777829229499284,15.413563549534532,104.30194658608046,15.413563549534532,104.30194658608046,0.008890140266788206,0.10430194658608047,889.0140266788205
Malawi,Africa,20180839.0,2024-06-30,2024-06-30T16:15:13+00:00,89535,0.0,2686.0,624784.0,0.0,2.9999441559166806,133.0965476707881,443.6634175615791,133.0965476707881,443.6634175615791,0.030959267848081045,0.4436634175615791,3095.9267848081045
Senegal,Africa,17653671.0,2024-06-30,2024-06-30T16:15:13+00:00,89053,87024.0,1971.0,1146543.0,97.72158153010005,2.213288715708623,111.64816654847596,504.44465629839823,111.64816654847596,504.44465629839823,0.06494643522018735,0.5044446562983983,6494.643522018735
Ivory-Coast,Africa,27742298.0,2024-06-30,2024-06-30T16:15:13+00:00,88384,87497.0,835.0,1690934.0,98.99642469225199,0.9447411296162201,30.098443899636578,318.5893252246083,30.098443899636578,318.5893252246083,0.06095147561315937,0.3185893252246083,6095.147561315936
New-Caledonia,Oceania,290915.0,2024-06-30,2024-06-30T16:15:13+00:00,80064,0.0,314.0,98964.0,0.0,0.3921862509992006,1079.353075640651,27521.440970730284,1079.353075640651,27521.440970730284,0.34018184005637386,27.521440970730282,34018.184005637384
French-Polynesia,Oceania,284164.0,2024-06-30,2024-06-30T16:15:13+00:00,79254,0.0,650.0,0.0,0.0,0.8201478789714084,2287.4114947706257,27890.23240100787,2287.4114947706257,27890.23240100787,0.0,27.890232401007868,0.0
Eswatini,Africa,1184817.0,2024-06-30,2024-06-30T16:15:13+00:00,75191,73116.0,1427.0,1048704.0,97.2403612134431,1.8978335173092526,1204.4054060669284,6346.212115457493,1204.4054060669284,6346.212115457493,0.8851189677393217,6.346212115457493,88511.89677393218
Guyana,South-America,794045.0,2024-06-30,2024-06-30T16:15:13+00:00,74137,72013.0,1300.0,733218.0,97.13503378879642,1.7535103929212135,1637.1868093118146,9336.62449861154,1637.1868093118146,9336.62449861154,0.9233960291923002,9.33662449861154,92339.60291923002
Belize,North-America,412190.0,2024-06-30,2024-06-30T16:15:13+00:00,71409,0.0,688.0,576016.0,0.0,0.9634639891330226,1669.133166743492,17324.292195346803,1669.133166743492,17324.292195346803,1.3974526310681967,17.324292195346803,139745.26310681968
Belarus,Europe,9432800.0,2024-06-30,2024-06-30T16:15:12+00:00,994037,985592.0,7118.0,13646641.0,99.1504340381696,0.7160699249625517,754.6009668391146,10538.090492748706,754.6009668391146,10538.090492748706,1.4467221821728438,10.538090492748706,144672.2182172844
Venezuela,South-America,29266991.0,2024-06-30,2024-06-30T16:15:12+00:00,552695,546537.0,5856.0,3359014.0,98.88582310315816,1.0595355485394296,200.0888987870328,1888.4585709545613,200.0888987870328,1888.4585709545613,0.11477141602975174,1.8884585709545612,11477.141602975174
Egypt,Africa,106156692.0,2024-06-30,2024-06-30T16:15:12+00:00,516023,442182.0,24613.0,3693367.0,85.69036651467086,4.769748635235251,231.855378462622,486.09559159963277,231.855378462622,486.09559159963277,0.0347916549622703,0.4860955915996328,3479.1654962270304
Uzbekistan,Asia,34382084.0,2024-06-30,2024-06-30T16:15:12+00:00,253662,241486.0,1637.0,1377915.0,95.19991169351341,0.6453469577626921,47.612006299559965,737.773777761697,47.612006299559965,737.773777761697,0.04007654102642527,0.7377737777616971,4007.654102642527
Qatar,Asia,2979915.0,2024-06-30,2024-06-30T16:15:12+00:00,514524,513687.0,690.0,4065369.0,99.83732537257737,0.1341045315670406,231.55022878169345,17266.398538213336,231.55022878169345,17266.398538213336,1.3642566985971076,17.266398538213338,136425.66985971076
Ecuador,South-America,18113361.0,2024-06-30,2024-06-30T16:15:12+00:00,1070188,1034145.0,36043.0,3082403.0,96.63208707255174,3.3679129274482613,1989.8571005127098,5908.279529127698,1989.8571005127098,5908.279529127698,0.17017289060820903,5.9082795291276975,17017.2890608209
UAE,Asia,10081785.0,2024-06-30,2024-06-30T16:15:12+00:00,1067030,0.0,2349.0,200732262.0,0.0,0.2201437635305474,232.99445485100108,10583.740875251755,232.99445485100108,10583.740875251755,19.91038908288562,10.583740875251754,1991038.908288562
Panama,North-America,4446964.0,2024-06-30,2024-06-30T16:15:12+00:00,1059893,1051102.0,8727.0,7882622.0,99.17057665254889,0.8233850020709638,1962.4624800200766,23834.080959504055,1962.4624800200766,23834.080959504055,1.7725850715229536,23.834080959504057,177258.50715229535
Uruguay,South-America,3496016.0,2024-06-30,2024-06-30T16:15:12+00:00,1041111,1030944.0,7664.0,6114822.0,99.02344706760374,0.7361366847531147,2192.209646637773,29779.926636491367,2192.209646637773,29779.926636491367,1.749082956142077,29.779926636491368,174908.29561420772
Mongolia,Asia,3378078.0,2024-06-30,2024-06-30T16:15:12+00:00,1011496,1009212.0,2284.0,4030048.0,99.77419584457081,0.22580415542918608,676.1241155473616,29942.943887026886,676.1241155473616,29942.943887026886,1.193000280040899,29.942943887026885,119300.0280040899
Nepal,Asia,30225582.0,2024-06-30,2024-06-30T16:15:12+00:00,1003450,991322.0,12031.0,6047766.0,98.79136977427873,1.1989635756639594,398.04030903358614,3319.869903580351,398.04030903358614,3319.869903580351,0.2000876608430567,3.319869903580351,20008.76608430567
Latvia,Europe,1848837.0,2024-06-30,2024-06-30T16:15:12+00:00,982505,971406.0,6715.0,7885792.0,98.87033653772754,0.6834570816433504,3632.012989787634,53141.78589026507,3632.012989787634,53141.78589026507,4.265271627515027,53.14178589026507,426527.1627515027
Saudi-Arabia,Asia,35844909.0,2024-06-30,2024-06-30T16:15:12+00:00,841469,0.0,9646.0,45481735.0,0.0,1.1463286229201552,269.1037658932263,2347.5272318308857,269.1037658932263,2347.5272318308857,1.268847829966593,2.3475272318308855,126884.78299665931
Paraguay,South-America,7305843.0,2024-06-30,2024-06-30T16:15:12+00:00,837602,0.0,20155.0,2657506.0,0.0,2.4062741015422597,2758.7507697605874,11464.82342968498,2758.7507697605874,11464.82342968498,0.36375076770743636,11.46482342968498,36375.07677074364
Azerbaijan,Asia,10300205.0,2024-06-30,2024-06-30T16:15:12+00:00,835234,824089.0,10400.0,7748050.0,98.66564340053206,1.2451600389830875,1009.6886421192587,8108.906570306125,1009.6886421192587,8108.906570306125,0.7522228926511657,8.108906570306125,75222.28926511657
Bahrain,Asia,1783983.0,2024-06-30,2024-06-30T16:15:12+00:00,729549,727915.0,1574.0,10948549.0,99.7760260105901,0.2157497303128371,882.2954030391545,40894.39193086481,882.2954030391545,40894.39193086481,6.137137517566031,40.894391930864806,613713.7517566031
Cyprus,Asia,1223387.0,2024-06-30,2024-06-30T16:15:12+00:00,681110,679745.0,1365.0,9640118.0,99.79959184272731,0.20040815727268724,1115.7548674295215,55674.12437764991,1115.7548674295215,55674.12437764991,7.879859766369922,55.67412437764992,787985.9766369922
Dominican-Republic,North-America,11056370.0,2024-06-30,2024-06-30T16:15:12+00:00,675890,671316.0,4384.0,3740928.0,99.3232626610839,0.6486262557516755,396.51350307560256,6113.127545478308,396.51350307560256,6113.127545478308,0.3383504712667901,6.113127545478307,33835.047126679005
Sri-Lanka,Asia,21575842.0,2024-06-30,2024-06-30T16:15:12+00:00,672754,655852.0,16897.0,6486117.0,97.48764035591019,2.5116164303742528,783.1444075276413,3118.089203656571,783.1444075276413,3118.089203656571,0.30061941499200817,3.118089203656571,30061.941499200817
Kuwait,Asia,4380326.0,2024-06-30,2024-06-30T16:15:12+00:00,667158,0.0,2570.0,8455743.0,0.0,0.3852160957374415,586.7143221760207,15230.784192774694,586.7143221760207,15230.784192774694,1.9303912539842925,15.230784192774694,193039.12539842926
Myanmar,Asia,55227143.0,2024-06-30,2024-06-30T16:15:12+00:00,641873,620159.0,19495.0,11711514.0,96.61708780397367,3.0372051792176955,352.996713952775,1162.241907027492,352.996713952775,1162.241907027492,0.21206083392725927,1.162241907027492,21206.083392725926
Moldova,Europe,4013171.0,2024-06-30,2024-06-30T16:15:12+00:00,635145,0.0,12218.0,3216305.0,0.0,1.9236552283336876,3044.475303942942,15826.512251782942,3044.475303942942,15826.512251782942,0.8014373172735475,15.826512251782942,80143.73172735475
Estonia,Europe,1321910.0,2024-06-30,2024-06-30T16:15:12+00:00,628070,0.0,3001.0,6968103.0,0.0,0.4778129826293247,2270.1999379685453,47512.31173075322,2270.1999379685453,47512.31173075322,5.2712385865906155,47.512311730753225,527123.8586590616
Palestine,Asia,5345541.0,2024-06-30,2024-06-30T16:15:12+00:00,621008,615445.0,5404.0,3078533.0,99.10419833560921,0.8701981294926957,1010.9360306094369,11617.308706452724,1010.9360306094369,11617.308706452724,0.5759067230052113,11.617308706452723,57590.67230052113
Libya,Africa,7040745.0,2024-06-30,2024-06-30T16:15:12+00:00,507274,500835.0,6437.0,2483848.0,98.73066626714557,1.268939468610652,914.2498414585389,7204.834147522742,914.2498414585389,7204.834147522742,0.3527819854290988,7.2048341475227415,35278.19854290988
Ethiopia,Africa,120812698.0,2024-06-30,2024-06-30T16:15:12+00:00,501157,488171.0,7574.0,5565340.0,97.40879604594967,1.5113028452161696,62.69208556206567,414.82146189633147,62.69208556206567,414.82146189633147,0.046065853110903957,0.41482146189633146,4606.585311090395
R&eacute;union,Africa,908061.0,2024-06-30,2024-06-30T16:15:12+00:00,494595,0.0,921.0,1603660.0,0.0,0.18621296212052285,1014.2490427405208,54467.1558408521,1014.2490427405208,54467.1558408521,1.7660267316843252,54.4671558408521,176602.67316843252
Honduras,North-America,10221247.0,2024-06-30,2024-06-30T16:15:12+00:00,474590,0.0,11165.0,1660662.0,0.0,2.3525569438884086,1092.3324717620071,4643.17122949871,1092.3324717620071,4643.17122949871,0.1624715653579255,4.6431712294987095,16247.15653579255
Armenia,Asia,2971966.0,2024-06-30,2024-06-30T16:15:12+00:00,451831,435162.0,8777.0,3242901.0,96.31078876836693,1.9425404631377663,2953.2639337058363,15203.101246784116,2953.2639337058363,15203.101246784116,1.091163559744627,15.203101246784115,109116.3559744627
Bosnia-and-Herzegovina,Europe,3249317.0,2024-06-30,2024-06-30T16:15:12+00:00,403615,379084.0,16388.0,1884721.0,93.92217831349183,4.060304993620158,5043.521453893233,12421.533509965326,5043.521453893233,12421.533509965326,0.5800360506531065,12.421533509965325,58003.60506531065
Oman,Asia,5323993.0,2024-06-30,2024-06-30T16:15:12+00:00,399449,0.0,4628.0,25000000.0,0.0,1.1585959659430867,869.272367563218,7502.8085123327555,869.272367563218,7502.8085123327555,4.695723679576589,7.502808512332755,469572.3679576589
Luxembourg,Europe,642371.0,2024-06-30,2024-06-30T16:15:12+00:00,391232,0.0,1232.0,4587145.0,0.0,0.31490266644855225,1917.894799111417,60904.36834788619,1917.894799111417,60904.36834788619,7.140959040803523,60.9043683478862,714095.9040803523
North-Macedonia,Europe,2081304.0,2024-06-30,2024-06-30T16:15:12+00:00,350567,337068.0,9976.0,2226216.0,96.14938086014942,2.84567571961993,4793.148910490731,16843.623036327226,4793.148910490731,16843.623036327226,1.0696255808858293,16.843623036327227,106962.55808858293
Zambia,Africa,19470234.0,2024-06-30,2024-06-30T16:15:12+00:00,349304,341316.0,4069.0,4112961.0,97.7131667544603,1.1648878913496552,208.9856752620436,1794.04109883836,208.9856752620436,1794.04109883836,0.21124353205000002,1.7940410988383602,21124.353205000003
Kenya,Africa,56215221.0,2024-06-30,2024-06-30T16:15:12+00:00,344130,337309.0,5689.0,3967062.0,98.01790021212913,1.6531543312120418,101.20034927906804,612.1651643066564,101.20034927906804,612.1651643066564,0.07056917911965516,0.6121651643066564,7056.9179119655155
Brunei,Asia,445431.0,2024-06-30,2024-06-30T16:15:12+00:00,343719,243601.0,225.0,717784.0,70.87213683270346,0.06546044879683695,505.12874047832327,77165.48691043057,505.12874047832327,77165.48691043057,1.611437012691079,77.16548691043057,161143.7012691079
Albania,Europe,2866374.0,2024-06-30,2024-06-30T16:15:12+00:00,334863,330233.0,3605.0,1941032.0,98.61734500377767,1.0765596676849936,1257.6865405561173,11682.460139535175,1257.6865405561173,11682.460139535175,0.6771733207180919,11.682460139535175,67717.33207180919
Botswana,Africa,2441162.0,2024-06-30,2024-06-30T16:15:12+00:00,330638,327049.0,2801.0,2026898.0,98.91452283161645,0.8471500553475403,1147.404391842901,13544.287515535632,1147.404391842901,13544.287515535632,0.8303004880462664,13.544287515535633,83030.04880462664
Montenegro,Europe,627950.0,2024-06-30,2024-06-30T16:15:12+00:00,296542,291794.0,2846.0,2769281.0,98.39887773064187,0.9597291446068348,4532.207978342225,47223.82355283064,4532.207978342225,47223.82355283064,4.410034238394776,47.22382355283064,441003.42383947765
Algeria,Africa,45350148.0,2024-06-30,2024-06-30T16:15:12+00:00,272010,183061.0,6881.0,230960.0,67.2993639939708,2.5296864085879194,151.73048608352943,599.799586100579,151.73048608352943,599.799586100579,0.0050928168966504804,0.599799586100579,509.281689665048
Nigeria,Africa,216746934.0,2024-06-30,2024-06-30T16:15:12+00:00,267188,259953.0,3155.0,5708974.0,97.2921688099765,1.1808165037351976,14.556145924537045,123.2718705954106,14.556145924537045,123.2718705954106,0.0263393529709629,0.1232718705954106,2633.93529709629
Zimbabwe,Africa,15331428.0,2024-06-30,2024-06-30T16:15:12+00:00,266359,258888.0,5740.0,2525756.0,97.19513889149607,2.1549863154614637,374.3943486542806,1737.3397963973089,374.3943486542806,1737.3397963973089,0.16474368858530333,1.7373397963973087,16474.36885853033
Afghanistan,Asia,40754388.0,2024-06-30,2024-06-30T16:15:12+00:00,234174,211080.0,7996.0,1390730.0,90.13810243664967,3.414554989025255,196.1997319159841,574.5982493958687,196.1997319159841,574.5982493958687,0.03412466898042979,0.5745982493958688,3412.4668980429788
Mozambique,Africa,33089461.0,2024-06-30,2024-06-30T16:15:12+00:00,233731,228805.0,2250.0,1371127.0,97.8924490118983,0.9626450920074787,67.99748113153007,706.3608561046069,67.99748113153007,706.3608561046069,0.041436969916191745,0.7063608561046069,4143.696991619175
Martinique,North-America,374087.0,2024-06-30,2024-06-30T16:15:12+00:00,230354,0.0,1102.0,828928.0,0.0,0.4783941238268057,2945.838802203765,61577.65439590256,2945.838802203765,61577.65439590256,2.2158695704475164,61.577654395902556,221586.95704475165
Laos,Asia,7481023.0,2024-06-30,2024-06-30T16:15:12+00:00,218970,0.0,758.0,1233207.0,0.0,0.3461661414805681,101.32304097982322,2927.0061059830987,101.32304097982322,2927.0061059830987,0.16484470105224913,2.9270061059830987,16484.470105224915
Iceland,Europe,345393.0,2024-06-30,2024-06-30T16:15:12+00:00,209906,0.0,229.0,1996384.0,0.0,0.10909645269787428,663.0128578170373,60773.09036373059,663.0128578170373,60773.09036373059,5.780036074848072,60.77309036373059,578003.6074848071
DPRK,Asia,25990679.0,2024-06-30,2024-06-30T16:15:11+00:00,4772813,4772739.0,74.0,0.0,99.99844955165852,0.0015504483414707426,2.847174558232973,18363.55641189674,2.847174558232973,18363.55641189674,0.0,18.36355641189674,0.0
Jordan,Asia,10300869.0,2024-06-30,2024-06-30T16:15:11+00:00,1746997,1731007.0,14122.0,17201885.0,99.08471508537221,0.8083585718807761,1370.9522953840108,16959.705050127326,1370.9522953840108,16959.705050127326,1.6699450308512807,16.959705050127326,166994.50308512806
South-Africa,Africa,60756135.0,2024-06-30,2024-06-30T16:15:11+00:00,4076463,3912506.0,102595.0,26795090.0,95.97795932405127,2.5167651466479644,1688.6360529681488,6709.549578820312,1688.6360529681488,6709.549578820312,0.44102690205688694,6.709549578820312,44102.69020568869
Kazakhstan,Asia,19205043.0,2024-06-30,2024-06-30T16:15:11+00:00,1411831,1383020.0,13848.0,11575012.0,97.95931666042182,0.9808539407336997,721.0606089244371,7351.355578844577,721.0606089244371,7351.355578844577,0.6027069035981851,7.3513555788445775,60270.690359818516
Ukraine,Europe,43192122.0,2024-06-30,2024-06-30T16:15:11+00:00,5557995,5445577.0,112418.0,32603805.0,97.97736413940639,2.0226358605936134,2602.743157652685,12868.075803268011,2602.743157652685,12868.075803268011,0.7548553645963493,12.868075803268011,75485.53645963492
Poland,Europe,37739785.0,2024-06-30,2024-06-30T16:15:11+00:00,6661991,0.0,120598.0,39323709.0,0.0,1.8102396115515618,3195.5136999323126,17652.434956902907,3195.5136999323126,17652.434956902907,1.041969608464913,17.65243495690291,104196.9608464913
Colombia,South-America,51512762.0,2024-06-30,2024-06-30T16:15:11+00:00,6400173,6212152.0,143200.0,36951507.0,97.06225128601993,2.2374395192129963,2779.893650431712,12424.441539360672,2779.893650431712,12424.441539360672,0.7173272324244622,12.424441539360673,71732.72324244621
Greece,Europe,10316637.0,2024-06-30,2024-06-30T16:15:11+00:00,6101379,0.0,37869.0,102228365.0,0.0,0.6206629681585097,3670.672914051352,59141.16198912494,3670.672914051352,59141.16198912494,9.909078413828071,59.141161989124946,990907.8413828071
Austria,Europe,9066710.0,2024-06-30,2024-06-30T16:15:11+00:00,6081287,6054934.0,22542.0,211273524.0,99.56665422960633,0.3706781146819744,2486.2381172442924,67072.69781431192,2486.2381172442924,67072.69781431192,23.302115541359544,67.07269781431192,2330211.5541359545
Portugal,Europe,10140570.0,2024-06-30,2024-06-30T16:15:11+00:00,5643062,5614809.0,28126.0,46139518.0,99.49933210019667,0.4984173485954965,2773.611345318853,55648.370850948224,2773.611345318853,55648.370850948224,4.549992554659156,55.648370850948226,454999.25546591566
Chile,South-America,19250195.0,2024-06-30,2024-06-30T16:15:11+00:00,5384853,5252450.0,64497.0,50382097.0,97.54119564638069,1.1977485736379432,3350.4595667732196,27972.978975018177,3350.4595667732196,27972.978975018177,2.617225280055605,27.972978975018176,261722.52800556048
Malaysia,Asia,33181072.0,2024-06-30,2024-06-30T16:15:11+00:00,5278406,5233268.0,37348.0,68580916.0,99.14485547341376,0.7075620935562744,1125.5814760897417,15907.882662742182,1125.5814760897417,15907.882662742182,2.06686860508907,15.907882662742182,206686.86050890698
Canada,North-America,38388419.0,2024-06-30,2024-06-30T16:15:11+00:00,4946090,4881312.0,59034.0,66572774.0,98.69031901967008,1.1935488436320407,1537.8075351318846,12884.328474168211,1537.8075351318846,12884.328474168211,1.734189001115154,12.88432847416821,173418.9001115154
Belgium,Europe,11668278.0,2024-06-30,2024-06-30T16:15:11+00:00,4861695,4826798.0,34376.0,37454182.0,99.28220507456761,0.7070784983426562,2946.1073861970035,41665.91677023807,2946.1073861970035,41665.91677023807,3.2099151220085775,41.66591677023808,320991.51220085775
Israel,Asia,9326000.0,2024-06-30,2024-06-30T16:15:11+00:00,4841772,4798473.0,12707.0,41373364.0,99.10571997194415,0.262445236991746,1362.534848809779,51916.92043748659,1362.534848809779,51916.92043748659,4.4363461291014366,51.91692043748659,443634.6129101437
Thailand,Asia,70078203.0,2024-06-30,2024-06-30T16:15:11+00:00,4770149,4692636.0,34586.0,17273454.0,98.37504027651967,0.7250507269269786,493.53434476623204,6806.894006685645,493.53434476623204,6806.894006685645,0.24648825541374114,6.806894006685645,24648.825541374114
Czechia,Europe,10736784.0,2024-06-30,2024-06-30T16:15:11+00:00,4759041,4715206.0,43517.0,57834241.0,99.07891106632619,0.914406915174717,4053.0758558614943,44324.64134511787,4053.0758558614943,44324.64134511787,5.38655159682825,44.32464134511787,538655.159682825
Peru,South-America,33684208.0,2024-06-30,2024-06-30T16:15:11+00:00,4572667,4350506.0,222161.0,39010194.0,95.1415443110115,4.858455688988505,6595.4051821553885,13575.106174382965,6595.4051821553885,13575.106174382965,1.1581152212336416,13.575106174382965,115811.52212336416
Switzerland,Europe,8773637.0,2024-06-30,2024-06-30T16:15:11+00:00,4453053,4438309.0,14452.0,23833472.0,99.66890131332369,0.3245413876726821,1647.2074237855977,50754.92637773822,1647.2074237855977,50754.92637773822,2.7164871307075957,50.754926377738215,271648.71307075955
Philippines,Asia,112508994.0,2024-06-30,2024-06-30T16:15:11+00:00,4140383,4067381.0,66864.0,36102746.0,98.23682978120624,1.6149230638808052,594.2991544302671,3680.0462370146156,594.2991544302671,3680.0462370146156,0.320887643880275,3.6800462370146154,32088.764388027503
Romania,Europe,19031335.0,2024-06-30,2024-06-30T16:15:11+00:00,3529735,3460149.0,68929.0,28758667.0,98.02857721613663,1.9528094885310088,3621.8688809797104,18546.964782029216,3621.8688809797104,18546.964782029216,1.511121894496629,18.546964782029214,151112.1894496629
Denmark,Europe,5834950.0,2024-06-30,2024-06-30T16:15:11+00:00,3183756,3174942.0,8814.0,129333107.0,99.7231571766178,0.27684282338219385,1510.5527896554383,54563.552386909905,1510.5527896554383,54563.552386909905,22.165246831592388,54.563552386909905,2216524.6831592387
Singapore,Asia,5943546.0,2024-06-30,2024-06-30T16:15:11+00:00,3006155,3004131.0,2024.0,24756666.0,99.93267146903602,0.06732853096397225,340.53745020228666,50578.47621605015,340.53745020228666,50578.47621605015,4.165302329619389,50.57847621605015,416530.2329619389
Hong-Kong,Asia,7604299.0,2024-06-30,2024-06-30T16:15:11+00:00,2937609,2916005.0,14924.0,76127725.0,99.2645719699252,0.5080322125919413,1962.574065012436,38630.898127493405,1962.574065012436,38630.898127493405,10.011143038957306,38.63089812749341,1001114.3038957305
Sweden,Europe,10218971.0,2024-06-30,2024-06-30T16:15:11+00:00,2754129,2726492.0,27407.0,19500873.0,98.99652485413719,0.9951240482925817,2681.972578256656,26951.138231041074,2681.972578256656,26951.138231041074,1.9083010412692236,26.95113823104107,190830.10412692235
New-Zealand,Oceania,4898203.0,2024-06-30,2024-06-30T16:15:11+00:00,2621111,2613791.0,5697.0,7768604.0,99.72072911067102,0.21735058149006278,1163.0796028666023,53511.685816206475,1163.0796028666023,53511.685816206475,1.5860110330257853,53.51168581620648,158601.10330257853
Serbia,Europe,8653016.0,2024-06-30,2024-06-30T16:15:11+00:00,2615054,2596608.0,18057.0,13463733.0,99.29462259670355,0.6905019934578789,2086.7868498105167,30221.300873591357,2086.7868498105167,30221.300873591357,1.555958408027906,30.221300873591357,155595.8408027906
Iraq,Asia,42164965.0,2024-06-30,2024-06-30T16:15:11+00:00,2465545,2439497.0,25375.0,19544451.0,98.9435195869473,1.029184216876999,601.8029423242732,5847.378267715863,601.8029423242732,5847.378267715863,0.4635234726270969,5.847378267715863,46352.34726270969
Hungary,Europe,9606259.0,2024-06-30,2024-06-30T16:15:11+00:00,2230232,2152155.0,49048.0,11394556.0,96.49915345130013,2.1992330842710532,5105.837766814324,23216.44669376497,5105.837766814324,23216.44669376497,1.1861595653417214,23.216446693764972,118615.95653417215
Bangladesh,Asia,167885689.0,2024-06-30,2024-06-30T16:15:11+00:00,2049377,0.0,29493.0,15254399.0,0.0,1.4391202789921036,175.6731033816706,1220.697852334513,175.6731033816706,1220.697852334513,0.09086181848412345,1.2206978523345131,9086.181848412345
Slovakia,Europe,5460193.0,2024-06-30,2024-06-30T16:15:11+00:00,1877605,1856381.0,21224.0,7448789.0,98.8696238026635,1.1303761973365005,3887.042088072711,34387.15444673842,3887.042088072711,34387.15444673842,1.3641988479161817,34.38715444673842,136419.88479161818
Georgia,Asia,3968738.0,2024-06-30,2024-06-30T16:15:11+00:00,1861665,0.0,17132.0,16920079.0,0.0,0.9202514953012492,4316.73746163138,46908.23632096651,4316.73746163138,46908.23632096651,4.263339882854449,46.90823632096651,426333.9882854449
Ireland,Europe,5020199.0,2024-06-30,2024-06-30T16:15:11+00:00,1734582,1724921.0,9491.0,13083449.0,99.44303584379406,0.5471635241228145,1890.562505589918,34552.05660174029,1890.562505589918,34552.05660174029,2.6061614290588877,34.55205660174029,260616.14290588876
Pakistan,Asia,229488994.0,2024-06-30,2024-06-30T16:15:11+00:00,1581936,1538689.0,30664.0,30589153.0,97.26619787399743,1.9383843594178274,133.618608306767,689.3297898198987,133.618608306767,689.3297898198987,0.13329246194699865,0.6893297898198987,13329.246194699865
Finland,Europe,5554960.0,2024-06-30,2024-06-30T16:15:11+00:00,1516117,1503989.0,11958.0,12108977.0,99.20006173666016,0.7887254083952624,2152.670766306148,27293.031813010355,2152.670766306148,27293.031813010355,2.1798495398706743,27.293031813010355,217984.95398706742
Norway,Europe,5511370.0,2024-06-30,2024-06-30T16:15:11+00:00,1509732,1503094.0,6638.0,11002430.0,99.56031931495126,0.43968068504873714,1204.419227887077,27393.043834835982,1204.419227887077,27393.043834835982,1.9963148908529096,27.393043834835986,199631.48908529096
Lithuania,Europe,2661708.0,2024-06-30,2024-06-30T16:15:11+00:00,1397806,1387478.0,9897.0,10540357.0,99.26112779598886,0.7080381683867433,3718.289158690585,52515.37734417149,3718.289158690585,52515.37734417149,3.959997490333275,52.51537734417149,395999.7490333275
Slovenia,Europe,2078034.0,2024-06-30,2024-06-30T16:15:11+00:00,1356546,1349424.0,7100.0,2847701.0,99.47499015882985,0.5233880753030122,3416.69096848271,65280.26009199079,3416.69096848271,65280.26009199079,1.3703822940336876,65.2802600919908,137038.22940336875
Bulgaria,Europe,6844597.0,2024-06-30,2024-06-30T16:15:11+00:00,1339851,1292944.0,38748.0,11671043.0,96.49908833146372,2.891963360104967,5661.107586027344,19575.30881657459,5661.107586027344,19575.30881657459,1.7051468479444443,19.57530881657459,170514.68479444442
Croatia,Europe,4059286.0,2024-06-30,2024-06-30T16:15:11+00:00,1309728,1258432.0,18687.0,5660084.0,96.08346160424149,1.4267847980649417,4603.518943971921,32264.984531762482,4603.518943971921,32264.984531762482,1.3943545736861114,32.26498453176248,139435.45736861113
Guatemala,North-America,18584039.0,2024-06-30,2024-06-30T16:15:11+00:00,1291293,1269891.0,20289.0,7593848.0,98.34259149550103,1.571215827856265,1091.743296492221,6948.398031235298,1091.743296492221,6948.398031235298,0.4086220438947637,6.948398031235298,40862.20438947637
Morocco,Africa,37772756.0,2024-06-30,2024-06-30T16:15:11+00:00,1278992,0.0,16303.0,13001033.0,0.0,1.2746756820996534,431.607373314248,3386.0171600928456,431.607373314248,3386.0171600928456,0.3441907442496385,3.3860171600928455,34419.07442496385
Lebanon,Asia,6684849.0,2024-06-30,2024-06-30T16:15:11+00:00,1243838,1087587.0,10952.0,4795578.0,87.4379943368831,0.8805005153404221,1638.3316960487814,18606.822682157817,1638.3316960487814,18606.822682157817,0.7173801532390635,18.606822682157816,71738.01532390635
Costa-Rica,North-America,5182354.0,2024-06-30,2024-06-30T16:15:11+00:00,1238883,0.0,9428.0,4659757.0,0.0,0.7610081016528599,1819.2504796083015,23905.79647781684,1819.2504796083015,23905.79647781684,0.8991583747463026,23.90579647781684,89915.83747463026
Bolivia,South-America,11992656.0,2024-06-30,2024-06-30T16:15:11+00:00,1212131,1177145.0,22407.0,2710261.0,97.11367830704766,1.8485625728572244,1868.393456795559,10107.277320386744,1868.393456795559,10107.277320386744,0.22599339128880208,10.107277320386743,22599.33912888021
Tunisia,Africa,12046656.0,2024-06-30,2024-06-30T16:15:11+00:00,1153361,0.0,29423.0,5013383.0,0.0,2.551065971538833,2442.42053562416,9574.117497835085,2442.42053562416,9574.117497835085,0.4161638715341419,9.574117497835084,41616.387153414194
Cuba,North-America,11305652.0,2024-06-30,2024-06-30T16:15:11+00:00,1115251,1106660.0,8530.0,14402674.0,99.22968013478581,0.7648502444741139,754.4898781600566,9864.54385824011,754.4898781600566,9864.54385824011,1.2739357270151248,9.86454385824011,127393.57270151249
Spain,Europe,46719142.0,2024-06-30,2024-06-30T16:15:10+00:00,13914811,13762417.0,121760.0,471036328.0,98.90480725897032,0.8750388345195634,2606.2122459355096,29783.96092976194,2606.2122459355096,29783.96092976194,10.082298343578314,29.78396092976194,1008229.8343578314
North-America,North-America,0.0,2024-06-30,2024-06-30T16:15:10+00:00,131889132,127665129.0,1695941.0,0.0,96.7973077569424,1.2858838133835016,inf,inf,inf,inf,,inf,
Asia,Asia,0.0,2024-06-30,2024-06-30T16:15:10+00:00,221500265,205673091.0,1553662.0,0.0,92.85455753292214,0.7014267003247152,inf,inf,inf,inf,,inf,
Europe,Europe,0.0,2024-06-30,2024-06-30T16:15:10+00:00,253406198,248754104.0,2101824.0,0.0,98.16417513197526,0.8294288050523532,inf,inf,inf,inf,,inf,
South-America,South-America,0.0,2024-06-30,2024-06-30T16:15:10+00:00,70200879,66683585.0,1367332.0,0.0,94.98967242276268,1.947741993373046,inf,inf,inf,inf,,inf,
Oceania,Oceania,0.0,2024-06-30,2024-06-30T16:15:10+00:00,14895771,14752388.0,33015.0,0.0,99.03742478318175,0.22164008831768428,inf,inf,inf,inf,,inf,
Africa,Africa,0.0,2024-06-30,2024-06-30T16:15:10+00:00,12860924,12090808.0,258892.0,0.0,94.01196990200704,2.0130124398526887,inf,inf,inf,inf,,inf,
All,All,0.0,2024-06-30,2024-06-30T16:15:10+00:00,704753890,675619811.0,7010681.0,0.0,95.86606339980614,0.9947701033618984,inf,inf,inf,inf,,inf,
USA,North-America,334805269.0,2024-06-30,2024-06-30T16:15:10+00:00,111820082,109814428.0,1219487.0,1186851502.0,98.20635617133601,1.090579597321347,3642.3769662955933,33398.54307967895,3642.3769662955933,33398.54307967895,3.5449009077572193,33.39854307967895,354490.09077572194
India,Asia,1406631776.0,2024-06-30,2024-06-30T16:15:10+00:00,45035393,0.0,533570.0,935879495.0,0.0,1.1847792690517878,379.32457456442387,3201.64763574913,379.32457456442387,3201.64763574913,0.665333679338124,3.20164763574913,66533.3679338124
France,Europe,65584518.0,2024-06-30,2024-06-30T16:15:10+00:00,40138560,39970918.0,167642.0,271490188.0,99.58234176811524,0.41765823188475126,2556.1215529555316,61201.273141932674,2556.1215529555316,61201.273141932674,4.1395468973333,61.201273141932674,413954.68973333004
Germany,Europe,83883596.0,2024-06-30,2024-06-30T16:15:10+00:00,38828995,38240600.0,183027.0,122332384.0,98.4846504525806,0.47136682265405017,2181.916473871721,46289.139774122224,2181.916473871721,46289.139774122224,1.4583588428898542,46.289139774122226,145835.88428898543
Brazil,South-America,215353593.0,2024-06-30,2024-06-30T16:15:10+00:00,38743918,36249161.0,711380.0,63776166.0,93.56090677251588,1.8361075408016299,3303.311498499122,17990.83890836221,3303.311498499122,17990.83890836221,0.29614628254658376,17.99083890836221,29614.628254658375
S-Korea,Asia,51329899.0,2024-06-30,2024-06-30T16:15:10+00:00,34571873,34535939.0,35934.0,15804065.0,99.89606001387313,0.10393998612687255,700.0598228334718,67352.31058997409,700.0598228334718,67352.31058997409,0.3078919948780729,67.35231058997408,30789.19948780729
Japan,Asia,125584838.0,2024-06-30,2024-06-30T16:15:10+00:00,33803572,0.0,74694.0,100414883.0,0.0,0.2209648140143296,594.7692507275441,26916.92129268025,594.7692507275441,26916.92129268025,0.799578074862827,26.91692129268025,79957.80748628269
Italy,Europe,60262770.0,2024-06-30,2024-06-30T16:15:10+00:00,26723249,26361218.0,196487.0,281126449.0,98.64525829175936,0.7352661347428225,3260.5039562569063,44344.5414142098,3260.5039562569063,44344.5414142098,4.665010403604082,44.3445414142098,466501.04036040825
UK,Europe,68497907.0,2024-06-30,2024-06-30T16:15:10+00:00,24910387,24678275.0,232112.0,522526476.0,99.06821198723247,0.9317880127675254,3388.5998881688456,36366.63964053675,3388.5998881688456,36366.63964053675,7.628356819720054,36.366639640536754,762835.6819720054
Russia,Europe,145805947.0,2024-06-30,2024-06-30T16:15:10+00:00,24124215,23545818.0,402756.0,273400000.0,97.60242146739283,1.6695092462075969,2762.2741615607765,16545.425955773942,2762.2741615607765,16545.425955773942,1.8750949849802765,16.545425955773943,187509.49849802765
Turkey,Asia,85561976.0,2024-06-30,2024-06-30T16:15:10+00:00,17232066,0.0,102174.0,162743369.0,0.0,0.59292948390518,1194.1519443169477,20139.86446502825,1194.1519443169477,20139.86446502825,1.9020524841548774,20.13986446502825,190205.24841548773
Australia,Oceania,26068792.0,2024-06-30,2024-06-30T16:15:10+00:00,11853144,11820014.0,24414.0,81916639.0,99.72049609791293,0.20597066904780706,936.5221065862967,45468.71216740691,936.5221065862967,45468.71216740691,3.142325850772065,45.46871216740691,314232.5850772065
Vietnam,Asia,98953541.0,2024-06-30,2024-06-30T16:15:10+00:00,11625195,10640971.0,43206.0,85826548.0,91.53369900461885,0.37165828186107847,436.6291449843113,11748.13440986412,436.6291449843113,11748.13440986412,0.867341856922533,11.74813440986412,86734.18569225329
Taiwan,Asia,23888595.0,2024-06-30,2024-06-30T16:15:10+00:00,10241523,10222518.0,19005.0,30742304.0,99.81443189650602,0.18556810349398228,795.5679268705422,42872.019053443706,795.5679268705422,42872.019053443706,1.28690297608545,42.87201905344371,128690.297608545
Argentina,South-America,46010234.0,2024-06-30,2024-06-30T16:15:10+00:00,10128845,9997258.0,130841.0,35716069.0,98.70086865777886,1.2917662379076786,2843.7368955784923,22014.330550894396,2843.7368955784923,22014.330550894396,0.7762635808372546,22.014330550894396,77626.35808372546
Netherlands,Europe,17211447.0,2024-06-30,2024-06-30T16:15:10+00:00,8635786,8612599.0,22992.0,25984435.0,99.73150098902404,0.2662409652115048,1335.8551433821922,50174.66573263713,1335.8551433821922,50174.66573263713,1.5097182125361104,50.17466573263712,150971.82125361104
Mexico,North-America,131562772.0,2024-06-30,2024-06-30T16:15:10+00:00,7702809,6899865.0,334958.0,20013810.0,89.57595858861357,4.348517534317676,2545.9937861449134,5854.854593668793,2545.9937861449134,5854.854593668793,0.15212365698709968,5.854854593668793,15212.365698709968
Iran,Asia,86022837.0,2024-06-30,2024-06-30T16:15:10+00:00,7627186,0.0,146811.0,57320267.0,0.0,1.9248383348721272,1706.6514558221324,8866.466470990721,1706.6514558221324,8866.466470990721,0.6663377888827359,8.866466470990721,66633.77888827359
Indonesia,Asia,279134505.0,2024-06-30,2024-06-30T16:15:10+00:00,6829221,6647104.0,162063.0,114158919.0,97.33326831859739,2.373081790734258,580.5910666615723,2446.569978870939,580.5910666615723,2446.569978870939,0.4089745873588792,2.446569978870939,40897.45873588792
